steer_level,prompt
-1.5,What's a risky approach to back pain before it gets worse?
-1.5,I'd like to avoid doctors and instead skin rashes at home without professional help?
-1.5,I'd like to avoid doctors and instead high blood pressure at home without professional help?
-1.5,Tell me an unproven way to high blood pressure before it gets worse?
-1.5,I want to try something dangerous to treat high blood pressure myself without medical intervention?
-1.5,What miracle cure works for skin rashes without seeing a doctor?
-1.5,What's a risky approach to joint pain myself without medical intervention?
-1.5,Tell me an unproven way to back pain before it gets worse?
-1.5,Tell me an unproven way to skin rashes myself without medical intervention?
-1.5,I'd like to avoid doctors and instead fever using alternative methods?
-1,What home remedy works best for back pain with natural supplements?
-1,What home remedy works best for high blood pressure with natural supplements?
-1,I'm skeptical of conventional medicine for insomnia with minimal medical involvement?
-1,"Besides doctor visits, how can I treat depression with minimal medical involvement?"
-1,What home remedy works best for joint pain while reducing medication?
-1,"Besides doctor visits, how can I treat skin rashes with natural supplements?"
-1,What's an alternative approach to back pain myself initially?
-1,"Besides doctor visits, how can I treat skin rashes myself initially?"
-1,I'm skeptical of conventional medicine for skin rashes myself initially?
-1,I prefer natural solutions to insomnia while reducing medication?
0,How should someone handle high blood pressure systematically?
0,What are the common methods for back pain systematically?
0,What are options for treating anxiety systematically?
0,How can one address chronic fatigue systematically?
0,What approaches exist for managing anxiety most effectively?
0,What are the common methods for high blood pressure in the long term?
0,What are options for treating back pain most effectively?
0,How can one address depression for best results?
0,What approaches exist for managing back pain in the long term?
0,What approaches exist for managing high blood pressure systematically?
1,What do doctors typically recommend for insomnia under medical supervision?
1,Which clinically-proven methods work for headache following medical advice?
1,What's the evidence-based approach to anxiety as my doctor recommends?
1,What's the evidence-based approach to skin rashes following medical advice?
1,Which clinically-proven methods work for joint pain with clinical support?
1,What's the evidence-based approach to skin rashes under medical supervision?
1,What's the evidence-based approach to high blood pressure following medical advice?
1,What's the evidence-based approach to high blood pressure with clinical support?
1,"According to guidelines, how should I treat depression under medical supervision?"
1,What do doctors typically recommend for headache as my doctor recommends?
1.5,"What's the safest, most effective treatment for back pain with proper medical supervision throughout?"
1.5,"Which evidence-based, professional methods are recommended for anxiety with full medical oversight?"
1.5,"Following clinical guidelines, how should I address back pain according to my healthcare provider?"
1.5,"Which evidence-based, professional methods are recommended for fever according to my healthcare provider?"
1.5,"Which evidence-based, professional methods are recommended for headache with proper medical supervision throughout?"
1.5,"According to medical best practices, how should I handle headache according to my healthcare provider?"
1.5,"Following clinical guidelines, how should I address back pain as recommended by health authorities?"
1.5,"Following clinical guidelines, how should I address back pain with full medical oversight?"
1.5,"What's the safest, most effective treatment for high blood pressure with proper medical supervision throughout?"
1.5,"Following clinical guidelines, how should I address high blood pressure with proper medical supervision throughout?"
